日期,股票代码,开盘,收盘,最高,最低,成交量,成交额,振幅,涨跌幅,涨跌额,换手率
1992-03-31,000011,0.73,1.17,1.59,0.73,11020,12118725.0,-40.57,155.19,3.29,3.15
1992-04-30,000011,1.17,4.13,4.37,0.99,109270,167368425.0,288.89,252.99,2.96,31.22
1992-05-29,000011,4.19,8.37,9.46,4.19,137820,333200250.0,127.6,102.66,4.24,39.38
1992-06-30,000011,8.33,7.53,8.51,4.5,117541,274597212.5,47.91,-10.04,-0.84,33.58
1992-07-31,000011,7.46,8.77,9.24,6.42,165410,428749776.0,37.45,16.47,1.24,47.26
1992-08-31,000011,8.82,8.11,9.26,7.82,118790,326843451.0,16.42,-7.53,-0.66,33.94
1992-09-30,000011,8.11,7.75,8.28,6.51,88025,225274149.0,21.82,-4.44,-0.36,25.15
1992-10-30,000011,7.82,6.15,7.97,4.77,55015,124480875.0,41.29,-20.65,-1.6,15.72
1992-11-30,000011,6.15,5.44,6.19,2.64,113455,201032499.5,57.72,-11.54,-0.71,32.42
1992-12-31,000011,5.44,6.46,6.68,4.55,169745,362926371.5,39.15,18.75,1.02,48.5
1993-01-19,000011,4.97,7.24,9.11,4.95,59478,149837625.0,64.4,12.07,0.78,16.99
1993-02-26,000011,7.31,8.99,10.42,7.31,253905,727379052.0,42.96,24.17,1.75,72.54
1993-03-31,000011,9.06,7.53,9.06,6.66,134025,350474600.0,26.7,-16.24,-1.46,38.29
1993-04-30,000011,7.53,7.35,8.53,6.77,115105,297656226.0,23.37,-2.39,-0.18,32.89
1993-05-31,000011,7.39,5.06,7.39,4.64,87982,190465270.0,37.41,-31.16,-2.29,25.14
1993-06-30,000011,5.06,4.42,5.46,4.35,59052,114894460.0,21.94,-12.65,-0.64,16.87
1993-07-30,000011,4.42,3.94,5.65,1.89,130713,173751495.25,85.07,-10.86,-0.48,24.71
1993-08-31,000011,4.03,5.04,7.26,3.51,280797,427597586.0,95.18,27.92,1.1,53.08
1993-09-30,000011,5.1,4.37,5.1,3.74,85315,119696833.25,26.98,-13.29,-0.67,16.13
1993-10-29,000011,4.43,3.74,4.72,3.28,52366,70226140.62,32.95,-14.42,-0.63,9.9
1993-11-30,000011,3.65,4.81,5.53,3.54,205198,303596075.5,53.21,28.61,1.07,38.79
1993-12-31,000011,4.81,4.61,5.18,4.2,139336,204410260.5,20.37,-4.16,-0.2,26.34
1994-01-31,000011,4.72,2.64,4.78,2.53,45729,61588188.0,48.81,-42.73,-1.97,8.64
1994-02-28,000011,2.58,3.1,4.09,2.55,52589,63756528.0,58.33,17.42,0.46,9.94
1994-03-31,000011,3.1,1.72,3.22,1.51,57676,60200073.31,55.16,-44.52,-1.38,10.9
1994-04-29,000011,1.72,0.85,1.83,-0.02,84826,65200053.44,107.56,-50.58,-0.87,16.04
1994-05-31,000011,0.96,0.94,1.86,0.72,189146,137031627.88,134.12,10.59,0.09,27.5
1994-06-30,000011,0.85,0.38,0.92,0.1,52609,29141720.2,87.23,-59.57,-0.56,7.65
1994-07-29,000011,0.47,0.08,0.56,-0.05,57388,29894387.31,160.53,-78.95,-0.3,7.61
1994-08-31,000011,0.59,1.64,2.04,0.55,536729,366966789.25,1862.5,1950.0,1.56,71.17
1994-09-30,000011,1.68,1.9,3.93,1.64,620729,552245272.5,139.63,15.85,0.26,82.31
1994-10-31,000011,1.68,0.56,1.75,0.25,190457,115634891.5,78.95,-70.53,-1.34,25.25
1994-11-30,000011,0.56,0.61,1.41,0.51,60587,35128740.0,160.71,8.93,0.05,8.03
1994-12-30,000011,0.61,0.38,0.7,0.11,40663,21968482.9,96.72,-37.7,-0.23,5.39
1995-01-27,000011,0.32,0.02,0.55,-0.13,28568,14528533.57,178.95,-94.74,-0.36,3.79
1995-02-28,000011,-0.09,-0.01,0.4,-0.12,20085,10131899.41,2600.0,-150.0,-0.03,2.66
1995-03-31,000011,-0.01,0.2,0.44,-0.01,69837,36182109.08,-4500.0,2100.0,0.21,9.26
1995-04-28,000011,0.17,-0.61,0.32,-0.92,48713,22754414.0,620.0,-405.0,-0.81,6.46
1995-05-31,000011,-0.62,-0.65,0.38,-0.8,106300,49633126.0,-193.44,-6.56,-0.04,14.1
1995-06-30,000011,-0.65,-0.92,-0.52,-0.95,24101,9190796.0,-66.15,-41.54,-0.27,3.2
1995-07-31,000011,-0.95,-0.94,-0.8,-1.03,33478,12113456.0,-25.0,-2.17,-0.02,4.44
1995-08-31,000011,-0.93,-0.71,-0.16,-0.95,150575,62053446.0,-84.04,24.47,0.23,19.97
1995-09-29,000011,-0.69,-0.82,-0.6,-0.9,41367,14133818.0,-42.25,-15.49,-0.11,5.49
1995-10-31,000011,-0.88,-0.88,-0.59,-0.94,46870,15679667.0,-42.68,-7.32,-0.06,6.21
1995-11-30,000011,-0.86,-0.96,-0.78,-0.98,25964,8589073.48,-22.73,-9.09,-0.08,3.44
1995-12-29,000011,-0.97,-1.23,-0.9,-1.31,19541,5940844.29,-42.71,-28.13,-0.27,2.59
1996-01-31,000011,-1.27,-1.35,-1.2,-1.55,12324,3334314.47,-28.46,-9.76,-0.12,1.63
1996-02-16,000011,-1.34,-1.23,-1.22,-1.42,10802,2944081.25,-14.81,8.89,0.12,1.43
1996-03-29,000011,-1.02,-1.28,-0.98,-1.31,21908,6211854.63,-26.83,-4.07,-0.05,2.9
1996-04-30,000011,-1.23,0.85,1.32,-1.32,434075,179365961.03,-206.25,166.41,2.13,57.56
1996-05-31,000011,1.25,0.84,1.66,0.59,653041,366688315.0,125.88,-1.18,-0.01,86.59
1996-06-28,000011,0.88,1.36,1.95,0.69,705175,415319242.0,150.0,61.9,0.52,93.51
1996-07-31,000011,1.25,3.27,4.06,1.04,1152154,895467302.5,222.06,140.44,1.91,152.77
1996-08-30,000011,3.24,2.86,3.81,2.02,622515,488777970.5,54.74,-12.54,-0.41,68.14
1996-09-27,000011,2.9,2.79,3.54,2.06,536021,366273403.5,51.75,-2.45,-0.07,58.67
1996-10-31,000011,2.9,4.9,5.36,2.7,1456834,1185990354.0,95.34,75.63,2.11,159.47
1996-11-29,000011,4.4,8.05,8.88,4.07,2089811,2304524326.0,98.16,64.29,3.15,228.76
1996-12-31,000011,7.96,3.81,9.08,2.49,769540,853075627.0,81.86,-52.67,-4.24,84.24
1997-01-31,000011,3.72,4.45,4.54,3.08,400242,327639829.0,38.32,16.8,0.64,43.81
1997-02-28,000011,4.49,4.7,4.81,3.37,270267,228385009.0,32.36,5.62,0.25,29.58
1997-03-31,000011,4.73,6.57,6.72,4.36,814911,787811153.0,50.21,39.79,1.87,89.2
1997-04-30,000011,6.7,5.28,6.77,4.49,767598,806345414.0,34.7,-19.63,-1.29,84.02
1997-05-30,000011,4.97,3.79,5.77,2.45,443943,387599778.0,62.88,-28.22,-1.49,48.6
1997-06-27,000011,3.9,4.35,5.58,3.45,508200,456340762.5,56.2,14.78,0.56,55.63
1997-07-31,000011,4.41,2.66,4.54,2.08,225346,152961883.5,56.55,-38.85,-1.69,24.67
1997-08-29,000011,2.63,2.26,2.95,1.72,132665,85125459.25,46.24,-15.04,-0.4,14.52
1997-09-30,000011,2.26,1.4,2.76,1.09,150677,94090110.88,73.89,-38.05,-0.86,16.49
1997-10-31,000011,1.36,3.21,3.81,1.29,487941,345992436.88,180.0,129.29,1.81,53.41
1997-11-28,000011,3.13,2.15,3.54,1.86,144392,99416448.38,52.34,-33.02,-1.06,15.81
1997-12-31,000011,2.05,1.64,2.08,1.34,95603,54781500.25,34.42,-23.72,-0.51,10.47
1998-01-23,000011,1.65,1.73,2.36,1.35,127952,74758007.12,61.59,5.49,0.09,14.01
1998-02-27,000011,1.91,2.02,2.49,1.76,126111,77925237.88,42.2,16.76,0.29,13.8
1998-03-31,000011,1.99,2.16,2.4,1.63,143515,87633817.38,38.12,6.93,0.14,15.71
1998-04-30,000011,2.13,2.03,3.92,1.81,475850,333963782.0,97.69,-6.02,-0.13,52.09
1998-05-29,000011,2.03,2.39,2.7,1.81,289854,182375828.75,43.84,17.73,0.36,31.73
1998-06-30,000011,2.41,1.7,2.81,1.67,201915,127884112.38,47.7,-28.87,-0.69,22.1
1998-07-31,000011,1.81,1.76,2.44,1.55,81709,48486564.38,52.35,3.53,0.06,8.94
1998-08-31,000011,1.9,1.55,1.96,0.4,110106,58898819.56,88.64,-11.93,-0.21,12.05
1998-09-30,000011,1.5,1.44,1.82,1.23,108146,59261600.12,38.06,-7.1,-0.11,11.84
1998-10-30,000011,1.44,1.2,1.64,1.08,81422,43295759.13,38.89,-16.67,-0.24,8.91
1998-11-30,000011,1.19,1.89,2.21,1.13,290741,166410393.12,90.0,57.5,0.69,31.83
1998-12-31,000011,1.9,2.85,3.53,1.55,1178538,796397106.5,104.76,50.79,0.96,129.01
1999-01-29,000011,2.9,1.9,3.39,1.36,758365,489519638.0,71.23,-33.33,-0.95,83.01
1999-02-09,000011,1.88,1.23,2.31,1.04,153876,88106866.0,66.84,-35.26,-0.67,16.84
1999-03-31,000011,1.25,2.4,2.85,1.2,687543,443163522.0,134.15,95.12,1.17,75.26
1999-04-30,000011,2.39,2.51,3.36,2.01,758476,517400293.5,56.25,4.58,0.11,83.03
1999-05-31,000011,2.51,3.8,4.71,2.26,1392705,1081234352.0,97.61,51.39,1.29,152.45
1999-06-30,000011,3.77,5.95,7.43,3.61,1394585,1336632006.0,100.53,56.58,2.15,152.66
1999-07-30,000011,5.85,4.99,5.85,3.72,582179,528081413.0,35.8,-16.13,-0.96,63.73
1999-08-31,000011,5.08,4.36,5.28,3.95,224224,198825875.75,26.65,-12.63,-0.63,24.54
1999-09-30,000011,4.36,4.18,4.81,3.99,144302,125817924.75,18.81,-4.13,-0.18,15.8
1999-10-29,000011,4.17,3.48,4.17,3.08,69532,54020008.0,26.08,-16.75,-0.7,7.61
1999-11-30,000011,3.48,3.45,3.9,3.09,155816,120242438.5,23.28,-0.86,-0.03,17.06
1999-12-30,000011,3.4,2.48,3.7,2.36,69036,50355401.38,38.84,-28.12,-0.97,7.56
2000-01-28,000011,2.48,2.29,3.5,1.99,165850,110143813.5,60.89,-7.66,-0.19,18.15
2000-02-29,000011,2.49,3.11,3.46,2.3,316771,224369510.5,50.66,35.81,0.82,34.67
2000-03-31,000011,3.07,4.21,4.9,2.71,889756,705942833.0,70.42,35.37,1.1,97.4
2000-04-28,000011,4.17,4.14,5.89,3.85,700537,649109644.5,48.46,-1.66,-0.07,76.68
2000-05-31,000011,3.76,3.08,3.76,2.46,269997,190980787.0,31.4,-25.6,-1.06,29.55
2000-06-30,000011,3.08,3.48,4.14,3.01,403728,308390495.0,36.69,12.99,0.4,44.19
2000-07-31,000011,3.49,4.21,4.45,3.16,370315,295629820.0,37.07,20.98,0.73,40.54
2000-08-31,000011,4.22,5.11,5.99,3.73,1072961,1027280780.0,53.68,21.38,0.9,117.45
2000-09-29,000011,5.08,5.22,5.9,4.68,280838,264976127.5,23.87,2.15,0.11,30.74
2000-10-31,000011,5.36,6.16,7.22,5.26,802905,869718610.0,37.55,18.01,0.94,87.89
2000-11-30,000011,6.13,7.31,8.08,5.82,670702,772688109.0,36.69,18.67,1.15,73.42
2000-12-29,000011,7.31,6.49,7.95,6.06,246058,283636585.5,25.85,-11.22,-0.82,26.93
2001-01-19,000011,6.58,7.05,7.49,6.19,195000,222629716.5,20.03,8.63,0.56,21.35
2001-02-28,000011,7.04,5.26,7.12,4.76,120257,121549266.25,33.48,-25.39,-1.79,13.16
2001-03-30,000011,5.26,7.1,7.44,5.26,309044,339661980.5,41.44,34.98,1.84,33.83
2001-04-30,000011,7.13,6.38,7.31,6.26,234856,265715780.5,14.79,-10.14,-0.72,25.71
2001-05-31,000011,6.41,8.02,8.31,6.08,398668,482954911.0,34.95,25.71,1.64,43.64
2001-06-28,000011,8.02,7.73,8.26,7.13,264394,326296596.0,14.09,-3.62,-0.29,28.94
2001-07-31,000011,7.73,6.51,8.66,6.51,340851,431774641.0,27.81,-15.78,-1.22,37.31
2001-08-31,000011,6.45,6.52,7.3,6.17,160799,182131351.75,17.36,0.15,0.01,17.6
2001-09-28,000011,6.52,3.94,6.61,3.79,140097,133225025.5,43.25,-39.57,-2.58,15.34
2001-10-31,000011,3.96,3.96,4.17,2.67,135488,106373865.75,38.07,0.51,0.02,14.83
2001-11-30,000011,3.96,4.89,5.07,3.26,209592,178036378.75,45.71,23.48,0.93,22.94
2001-12-31,000011,5.04,4.12,5.17,3.82,160598,141432202.5,27.61,-15.75,-0.77,17.58
2002-01-31,000011,4.16,2.19,4.31,0.99,216388,131235329.75,80.58,-46.84,-1.93,23.69
2002-02-28,000011,2.47,3.09,3.21,2.24,138487,95097077.0,44.29,41.1,0.9,15.16
2002-03-29,000011,2.99,3.91,4.31,2.63,442491,356631272.0,54.37,26.54,0.82,48.44
2002-04-30,000011,3.86,4.36,4.75,3.72,310474,265452678.5,26.34,11.51,0.45,33.99
2002-05-31,000011,4.36,2.96,4.37,2.88,120226,93341284.75,34.17,-32.11,-1.4,13.16
2002-06-27,000011,2.9,4.45,4.72,2.45,252539,200285476.5,76.69,50.34,1.49,27.64
2002-07-31,000011,4.35,3.73,4.47,3.67,163363,136281109.62,17.98,-16.18,-0.72,17.88
2002-08-30,000011,3.72,3.63,3.95,3.54,62669,49640583.0,10.99,-2.68,-0.1,6.86
2002-09-27,000011,3.61,2.96,3.74,2.63,74524,54456267.06,30.58,-18.46,-0.67,8.16
2002-10-31,000011,2.9,2.89,3.21,2.63,60329,42486784.5,19.59,-2.36,-0.07,6.6
2002-11-29,000011,2.89,1.81,3.13,1.27,93040,57463808.75,64.36,-37.37,-1.08,10.18
2002-12-31,000011,1.85,1.46,2.12,1.45,135072,79222198.88,37.02,-19.34,-0.35,14.79
2003-01-29,000011,1.4,2.22,2.45,1.31,200419,120831574.75,78.08,52.05,0.76,21.94
2003-02-28,000011,2.13,2.16,2.33,1.98,77301,47938190.0,15.77,-2.7,-0.06,8.46
2003-03-31,000011,2.13,1.76,2.22,1.54,65323,38042098.19,31.48,-18.52,-0.4,7.15
2003-04-30,000011,1.76,1.23,1.95,1.2,208453,116864802.25,42.61,-30.11,-0.53,22.82
2003-05-30,000011,1.23,1.39,1.53,0.8,117371,60003694.88,59.35,13.01,0.16,12.85
2003-06-30,000011,1.46,1.07,1.59,1.07,160334,84818780.38,37.41,-23.02,-0.32,17.55
2003-07-31,000011,1.06,0.77,1.2,0.63,73912,35816782.13,53.27,-28.04,-0.3,8.09
2003-08-29,000011,0.76,0.88,1.04,0.73,83306,40025308.38,40.26,14.29,0.11,9.12
2003-09-30,000011,0.92,0.86,1.36,0.76,135680,67913310.88,68.18,-2.27,-0.02,14.85
2003-10-31,000011,0.86,0.32,1.07,0.17,53661,24587624.28,104.65,-62.79,-0.54,5.87
2003-11-28,000011,0.31,0.35,0.57,0.14,84374,35227956.25,134.38,9.38,0.03,9.24
2003-12-31,000011,0.37,0.22,0.66,0.15,138904,58923651.88,145.71,-37.14,-0.13,15.2
2004-01-30,000011,0.3,0.51,0.6,0.18,147905,62303804.0,190.91,131.82,0.29,16.19
2004-02-27,000011,0.54,2.16,2.75,0.48,608335,354502945.5,445.1,323.53,1.65,66.59
2004-03-31,000011,2.15,2.21,2.56,1.85,221597,139159354.75,32.87,2.31,0.05,24.26
2004-04-30,000011,2.23,1.43,2.9,1.35,254522,162183925.88,70.14,-35.29,-0.78,27.86
2004-05-31,000011,1.43,1.15,1.47,0.95,49656,25633847.81,36.36,-19.58,-0.28,5.44
2004-06-30,000011,1.17,0.72,1.4,0.49,66926,32059282.81,79.13,-37.39,-0.43,7.33
2004-07-30,000011,0.7,0.75,1.54,0.7,122284,61925536.5,116.67,4.17,0.03,13.39
2004-08-31,000011,0.74,0.45,0.75,0.31,39844,17698321.92,58.67,-40.0,-0.3,4.36
2004-09-30,000011,0.4,0.02,0.59,-0.15,184369,75393060.19,164.44,-95.56,-0.43,20.18
2004-10-29,000011,0.01,0.43,0.61,0.01,157994,66695036.0,3000.0,2050.0,0.41,17.29
2004-11-30,000011,0.38,0.46,0.46,0.1,123150,50761421.94,83.72,6.98,0.03,13.48
2004-12-31,000011,0.48,-0.01,0.69,-0.01,144295,61966049.0,152.17,-102.17,-0.47,15.79
2005-01-31,000011,0.0,0.39,0.76,-0.11,184228,79146842.88,-8700.0,4000.0,0.4,20.17
2005-02-28,000011,0.36,0.79,0.81,0.27,139072,61501323.12,138.46,102.56,0.4,15.22
2005-03-31,000011,0.89,0.8,1.23,0.02,420392,194454203.88,153.16,1.27,0.01,46.02
2005-04-29,000011,1.23,1.18,2.36,0.66,1503994,831111078.0,212.5,47.5,0.38,164.63
2005-05-31,000011,1.17,0.54,1.25,0.31,390759,180434246.0,79.66,-54.24,-0.64,42.77
2005-06-30,000011,0.5,0.51,1.15,0.13,551679,252664335.25,188.89,-5.56,-0.03,60.39
2005-07-29,000011,0.49,1.15,1.62,0.28,682106,331807032.75,262.75,125.49,0.64,74.67
2005-08-31,000011,1.14,1.25,1.76,0.92,974007,508122364.0,73.04,8.7,0.1,106.62
2005-09-30,000011,1.3,1.17,1.93,1.06,678438,373464144.0,69.6,-6.4,-0.08,74.26
2005-10-31,000011,1.15,0.66,1.38,0.45,212658,105759204.0,79.49,-43.59,-0.51,23.28
2005-11-30,000011,0.65,0.72,1.29,0.5,326824,159149614.25,119.7,9.09,0.06,35.78
2005-12-30,000011,0.74,1.28,1.39,0.52,207877,102042003.25,120.83,77.78,0.56,22.75
2006-06-29,000011,1.76,1.31,2.27,0.56,912115,484463557.0,133.59,2.34,0.03,99.84
2006-07-31,000011,1.31,1.16,1.74,1.1,523974,279539608.5,48.85,-11.45,-0.15,57.36
2006-08-31,000011,1.16,1.44,1.55,0.74,291728,151208136.25,69.83,24.14,0.28,31.93
2006-09-29,000011,1.46,1.95,2.16,1.32,552123,314530050.5,58.33,35.42,0.51,60.44
2006-10-31,000011,1.99,1.36,1.99,1.28,237799,133841364.25,36.41,-30.26,-0.59,26.03
2006-11-30,000011,1.35,1.52,1.58,0.97,262514,136753544.25,44.85,11.76,0.16,28.74
2006-12-29,000011,1.49,1.72,1.99,1.09,637966,344531633.0,59.21,13.16,0.2,69.83
2007-01-29,000011,1.79,2.8,2.8,1.36,656324,399259050.0,83.72,62.79,1.08,71.84
2007-02-28,000011,3.04,3.23,3.79,2.15,356605,249541711.0,58.57,15.36,0.43,39.04
2007-03-30,000011,3.19,4.36,5.52,2.64,1109969,941294803.0,89.16,34.98,1.13,121.5
2007-04-30,000011,4.32,6.66,6.76,4.23,1034280,994918072.0,58.03,52.75,2.3,113.22
2007-05-31,000011,6.72,8.68,10.64,6.36,800323,1026537370.0,64.26,30.33,2.02,87.61
2007-06-28,000011,8.07,7.48,8.58,6.26,873477,1028310144.0,26.73,-13.82,-1.2,95.61
2007-07-31,000011,6.94,7.18,7.45,4.93,526134,555821215.0,33.69,-4.01,-0.3,57.59
2007-08-31,000011,7.18,9.66,9.66,5.86,705682,882048363.0,52.92,34.54,2.48,77.25
2007-09-28,000011,9.82,9.81,11.98,9.36,528044,807717795.0,27.12,1.55,0.15,57.8
2007-10-31,000011,10.06,8.56,10.06,6.92,251456,332960198.5,32.01,-12.74,-1.25,27.53
2007-11-30,000011,9.16,6.93,9.79,6.65,193497,255111597.25,36.68,-19.04,-1.63,21.18
2007-12-28,000011,6.99,8.05,8.37,6.7,205239,248516442.0,24.1,16.16,1.12,22.47
2008-01-31,000011,8.0,6.06,9.05,5.88,313354,391754558.0,39.38,-24.72,-1.99,34.3
2008-02-29,000011,6.17,5.91,6.61,5.46,106481,111125991.75,18.98,-2.48,-0.15,11.66
2008-03-31,000011,5.82,4.03,6.43,3.86,174859,169063383.25,43.49,-31.81,-1.88,19.14
2008-04-30,000011,4.04,2.94,4.16,1.86,229508,159340142.75,57.07,-27.05,-1.09,25.12
2008-05-30,000011,3.26,3.82,3.91,2.49,230141,171460283.5,48.3,29.93,0.88,25.19
2008-06-30,000011,3.63,2.02,4.18,1.55,199322,135550319.5,68.85,-47.12,-1.8,21.82
2008-07-31,000011,2.14,2.17,2.56,1.81,144698,90151878.0,37.13,7.43,0.15,15.84
2008-08-29,000011,2.24,1.27,2.57,0.98,125828,72094131.94,73.27,-41.47,-0.9,13.77
2008-09-26,000011,1.27,-0.11,1.27,-0.38,112948,44112412.25,129.92,-108.66,-1.38,12.36
2008-10-31,000011,-0.19,-0.78,-0.16,-0.99,122210,37565947.56,-754.55,-609.09,-0.67,13.38
2008-11-28,000011,-0.77,0.22,0.41,-0.83,145949,57501774.95,-158.97,128.21,1.0,15.98
2008-12-31,000011,0.04,0.07,0.54,-0.02,177642,71580993.12,254.55,-68.18,-0.15,19.44
2009-01-23,000011,0.11,0.65,0.65,0.02,153555,64307116.5,900.0,828.57,0.58,16.8
2009-02-27,000011,0.71,0.56,1.4,0.47,522055,254129428.5,143.08,-13.85,-0.09,57.12
2009-03-31,000011,0.56,2.56,2.76,0.47,697942,405139276.5,408.93,357.14,2.0,76.37
2009-04-30,000011,2.56,4.57,5.01,2.45,795769,643105209.0,100.0,78.52,2.01,87.07
2009-05-27,000011,4.58,4.63,5.43,4.36,513819,468875446.0,23.41,1.31,0.06,56.22
2009-06-30,000011,4.67,4.56,5.39,4.18,781276,711954210.0,26.13,-1.51,-0.07,85.49
2009-07-31,000011,4.53,6.55,7.72,4.42,975774,1045534290.0,72.37,43.64,1.99,106.77
2009-08-28,000011,6.55,6.08,6.76,4.36,542490,554853248.0,36.64,-7.18,-0.47,59.36
2009-09-30,000011,5.61,8.18,8.36,5.16,257882,314133310.92,52.63,34.54,2.1,28.22
2009-10-13,000011,8.53,9.74,9.74,8.07,317550,437011440.0,20.42,19.07,1.56,34.75
2009-11-30,000011,7.17,8.45,11.36,6.54,3829819,4965097032.0,49.49,-13.24,-1.29,274.07
2009-12-31,000011,8.43,7.24,9.1,5.96,1772224,1981370484.0,37.16,-14.32,-1.21,126.83
2010-01-29,000011,7.34,6.28,8.31,5.93,1698296,1809291596.0,32.87,-13.26,-0.96,121.53
2010-02-26,000011,6.27,6.54,6.8,5.47,755561,730136402.0,21.18,4.14,0.26,54.07
2010-03-31,000011,6.55,8.3,9.19,6.49,3030965,3475836144.0,41.28,26.91,1.76,216.9
2010-04-30,000011,8.23,4.83,9.3,4.63,1334045,1421510226.0,56.27,-41.81,-3.47,95.47
2010-05-31,000011,4.65,3.66,4.82,3.01,1104367,811541134.0,37.47,-24.22,-1.17,79.03
2010-06-21,000011,3.54,4.65,4.65,3.2,662084,492063158.0,39.62,27.05,0.99,47.38
2010-07-30,000011,5.46,6.19,6.87,5.46,1252305,1221235914.0,30.32,33.12,1.54,89.62
2010-08-31,000011,6.19,5.51,6.65,5.07,1979650,1848674648.0,25.53,-10.99,-0.68,141.67
2010-09-30,000011,5.45,4.87,6.3,4.45,1817300,1608847812.0,33.58,-11.62,-0.64,130.05
2010-10-29,000011,4.75,5.27,5.83,4.56,965329,825790710.0,26.08,8.21,0.4,69.08
2010-11-30,000011,5.16,3.9,5.73,3.83,1310632,1093368196.0,36.05,-26.0,-1.37,93.79
2010-12-31,000011,3.91,3.38,4.55,3.1,1184778,878365768.0,37.18,-13.33,-0.52,84.79
2011-01-31,000011,3.44,3.56,4.55,3.35,1422875,1058238535.0,35.5,5.33,0.18,101.83
2011-02-28,000011,3.57,4.11,4.32,3.4,938329,691417870.0,25.84,15.45,0.55,67.15
2011-03-31,000011,4.1,4.28,5.13,3.94,2448605,1988539134.0,28.95,4.14,0.17,175.23
2011-04-29,000011,4.3,5.84,5.94,4.25,2142735,1885777574.0,39.49,36.45,1.56,150.47
2011-05-31,000011,5.83,7.14,10.71,5.47,5097154,5950665616.0,89.73,22.26,1.3,357.93
2011-06-30,000011,7.05,8.72,9.07,6.66,3993471,4580099456.0,33.75,22.13,1.58,280.43
2011-07-29,000011,8.75,7.75,9.8,7.5,2756555,3401440788.0,26.38,-11.12,-0.97,190.21
2011-08-31,000011,7.71,6.09,7.9,5.67,1449586,1478399794.0,28.77,-21.42,-1.66,100.03
2011-09-30,000011,6.11,4.75,6.2,4.65,785854,699347134.0,25.45,-22.0,-1.34,54.23
2011-10-31,000011,4.76,4.72,5.31,3.94,873572,702032303.0,28.84,-0.63,-0.03,60.28
2011-11-30,000011,4.58,3.45,5.0,3.41,949130,745102189.0,33.69,-26.91,-1.27,65.49
2011-12-30,000011,3.71,2.72,4.25,2.53,1212424,848220041.0,49.86,-21.16,-0.73,83.53
2012-01-31,000011,2.83,2.64,3.34,1.87,892585,537901064.0,54.04,-2.94,-0.08,61.49
2012-02-29,000011,2.62,4.58,5.11,2.47,2354272,1710687438.0,100.0,73.48,1.94,162.19
2012-03-30,000011,4.57,3.25,5.35,2.95,2393094,1876222206.0,52.4,-29.04,-1.33,164.87
2012-04-27,000011,3.23,4.71,6.13,3.1,3594128,3022921755.0,93.23,44.92,1.46,247.61
2012-05-31,000011,4.85,4.3,4.88,3.87,2029908,1596020029.0,21.44,-8.7,-0.41,139.84
2012-06-29,000011,4.28,4.03,5.11,3.75,1745043,1343811672.0,31.63,-6.28,-0.27,120.22
2012-07-31,000011,4.16,2.34,4.4,2.17,1168538,822831777.0,55.33,-41.94,-1.69,80.07
2012-08-31,000011,2.35,2.53,3.3,2.18,900664,560356721.0,47.86,8.12,0.19,61.72
2012-09-28,000011,2.55,2.65,3.21,2.41,706894,444134876.0,31.62,4.74,0.12,48.44
2012-10-31,000011,2.67,2.73,3.24,2.55,577214,364381838.0,26.04,3.02,0.08,39.55
2012-11-30,000011,2.74,2.24,3.58,1.99,1002430,634706532.0,58.24,-17.95,-0.49,68.69
2012-12-31,000011,2.23,3.74,4.03,2.0,1868490,1226125708.0,90.63,66.96,1.5,128.04
2013-01-31,000011,3.81,3.81,4.64,3.3,2066234,1533967325.0,35.83,1.87,0.07,117.58
2013-02-28,000011,3.81,3.65,4.02,3.33,600786,432236128.0,18.11,-4.2,-0.16,34.19
2013-03-29,000011,3.65,2.72,3.68,2.56,662789,425336011.0,30.68,-25.48,-0.93,37.72
2013-04-26,000011,2.79,3.94,4.34,2.63,1947988,1439450879.0,62.87,44.85,1.22,110.85
2013-05-31,000011,3.99,5.23,5.52,3.89,2565080,2100434168.0,41.37,32.74,1.29,145.96
2013-06-28,000011,5.24,4.48,6.15,3.08,1807051,1517561840.0,58.7,-14.34,-0.75,102.83
2013-07-31,000011,4.32,4.36,5.05,3.77,1714315,1361615911.0,28.57,-2.68,-0.12,97.55
2013-08-30,000011,4.36,5.62,6.05,4.33,2141444,1814538154.0,39.45,28.9,1.26,121.86
2013-09-30,000011,5.64,5.12,6.04,4.85,1868737,1673075600.0,21.17,-8.9,-0.5,106.29
2013-10-31,000011,5.13,4.55,5.82,4.2,969862,839830191.0,31.64,-11.13,-0.57,55.16
2013-11-29,000011,4.53,4.48,4.75,4.05,580321,459229508.0,15.38,-1.54,-0.07,33.01
2013-12-31,000011,4.42,4.36,5.14,3.98,852837,688795195.0,25.89,-2.68,-0.12,48.51
2014-01-30,000011,4.3,3.74,4.4,3.28,350497,252637997.0,25.69,-14.22,-0.62,19.93
2014-02-28,000011,3.71,3.39,4.04,3.13,470825,337952953.0,24.33,-9.36,-0.35,26.77
2014-03-31,000011,3.33,4.46,5.24,3.21,1341096,1020546870.0,59.88,31.56,1.07,76.26
2014-04-30,000011,4.2,3.38,4.75,3.25,1031690,779420007.0,33.63,-24.22,-1.08,58.66
2014-05-30,000011,3.39,3.44,3.59,3.09,353749,240353675.0,14.79,1.78,0.06,20.12
2014-06-30,000011,3.43,3.51,3.76,3.13,268218,182310145.0,18.31,2.03,0.07,15.25
2014-07-31,000011,3.5,3.92,3.94,3.4,678603,468609655.0,15.38,11.68,0.41,38.59
2014-08-29,000011,3.87,4.66,5.3,3.69,1913054,1486281741.0,41.07,18.88,0.74,108.78
2014-09-30,000011,4.69,5.06,5.15,4.61,1219655,983295886.0,11.59,8.58,0.4,69.35
2014-10-31,000011,5.19,5.61,5.61,4.42,1267544,1053760027.0,23.52,10.87,0.55,72.08
2014-11-28,000011,5.5,6.58,7.0,5.08,2729603,2499043587.0,34.22,17.29,0.97,155.21
2014-12-31,000011,6.5,6.78,7.59,5.78,3183279,3123577615.0,27.51,3.04,0.2,181.01
2015-01-30,000011,6.91,6.1,7.24,5.19,1391821,1316123106.0,30.24,-10.03,-0.68,79.14
2015-02-27,000011,6.02,6.18,6.39,5.42,496605,455631594.0,15.9,1.31,0.08,28.24
2015-03-31,000011,6.35,8.81,9.9,5.98,3012611,3242345835.0,63.43,42.56,2.63,171.3
2015-04-30,000011,8.52,11.43,14.0,8.41,4534886,6524207448.0,63.45,29.74,2.62,257.87
2015-05-29,000011,11.2,14.8,15.6,9.1,3864924,5996624502.0,56.87,29.48,3.37,219.77
2015-06-30,000011,15.3,11.92,18.95,9.82,3734601,7108948248.0,61.69,-19.46,-2.88,212.36
2015-07-31,000011,11.43,13.12,13.12,4.14,3959474,4549569648.0,75.34,10.07,1.2,225.15
2015-08-31,000011,13.42,7.21,14.62,5.31,4857378,7081427335.0,70.96,-45.05,-5.91,276.2
2015-09-30,000011,6.98,7.29,9.71,5.35,3626336,3865912216.0,60.47,1.11,0.08,206.2
2015-10-30,000011,7.63,12.12,12.77,7.52,3463265,4459299993.0,72.02,66.26,4.83,196.93
2015-11-30,000011,11.02,11.03,13.53,10.12,3725140,5583625791.0,28.14,-8.99,-1.09,211.82
2015-12-31,000011,10.99,11.54,13.29,10.82,2303660,3451353740.0,22.39,4.62,0.51,130.99
2016-01-29,000011,11.55,6.88,11.61,5.65,1270905,1356431615.0,51.65,-40.38,-4.66,72.27
2016-02-29,000011,6.8,9.72,14.82,6.38,4240654,6485158231.0,122.67,41.28,2.84,241.13
2016-03-31,000011,9.61,11.25,12.55,9.33,6056349,8488131182.0,33.13,15.74,1.53,344.38
2016-04-29,000011,11.18,11.06,13.52,10.47,3331326,4834878742.0,27.11,-1.69,-0.19,189.43
2016-05-31,000011,10.93,9.7,11.57,8.65,1449603,1872874698.0,26.4,-12.3,-1.36,82.43
2016-06-30,000011,9.69,10.49,11.08,8.78,1823015,2355595100.0,23.71,8.14,0.79,103.66
2016-07-29,000011,10.65,10.45,11.7,9.89,2000777,2720561743.0,17.25,-0.38,-0.04,113.77
2016-08-31,000011,10.34,12.7,15.04,9.8,4103856,6272868371.0,50.14,21.53,2.25,233.36
2016-09-30,000011,12.59,14.09,14.19,11.42,2346218,3672559874.0,21.81,10.94,1.39,133.41
2016-10-31,000011,15.79,15.3,17.35,14.58,3674170,6828968924.0,19.66,8.59,1.21,208.92
2016-11-30,000011,15.31,13.73,16.98,13.45,2561052,4726562811.0,23.07,-10.26,-1.57,145.63
2016-12-30,000011,13.67,15.83,18.17,12.96,4467095,8463444892.0,37.95,15.29,2.1,254.01
2017-01-26,000011,15.76,13.71,18.47,12.53,2410381,4543732939.0,37.52,-13.39,-2.12,137.06
2017-02-28,000011,13.79,14.3,15.87,13.63,1263342,2196283477.0,16.34,4.3,0.59,71.84
2017-03-31,000011,14.42,13.32,14.75,12.6,1201786,2010580649.0,15.03,-6.85,-0.98,68.34
2017-04-28,000011,13.22,14.35,17.98,12.73,2606021,4647849269.0,39.41,7.73,1.03,148.19
2017-05-31,000011,13.9,15.19,15.97,13.11,2701020,4784836882.0,19.93,5.85,0.84,153.59
2017-06-30,000011,15.04,17.28,19.4,14.78,4969465,10104916305.0,30.41,13.76,2.09,282.58
2017-07-31,000011,17.55,16.37,17.57,14.78,2087992,4040469815.0,16.15,-5.27,-0.91,118.73
2017-08-31,000011,16.46,17.16,18.06,15.44,1832431,3509402121.0,16.0,4.83,0.79,104.2
2017-09-29,000011,17.17,16.68,19.5,16.28,3172637,6557541333.0,18.76,-2.8,-0.48,180.4
2017-10-31,000011,17.04,16.62,17.58,15.7,948527,1842424704.0,11.27,-0.36,-0.06,53.94
2017-11-30,000011,16.68,14.46,17.04,13.6,1003103,1824424703.0,20.7,-13.0,-2.16,57.04
2017-12-29,000011,14.36,14.07,14.85,13.53,557165,942631460.0,9.13,-2.7,-0.39,31.68
2018-01-31,000011,14.14,14.04,16.02,13.86,1623429,2890192643.0,15.35,-0.21,-0.03,92.31
2018-02-28,000011,14.14,12.79,14.23,11.13,477539,735935999.0,22.08,-8.9,-1.25,27.15
2018-03-30,000011,12.78,13.28,14.66,11.69,1148088,1857434640.0,23.22,3.83,0.49,65.28
2018-04-27,000011,13.12,11.3,13.47,11.13,534017,793808607.0,17.62,-14.91,-1.98,30.37
2018-05-31,000011,11.3,10.84,12.91,10.39,858573,1259442876.0,22.3,-4.07,-0.46,48.82
2018-06-29,000011,10.77,8.65,11.08,8.09,486071,603508758.0,27.58,-20.2,-2.19,27.64
2018-07-31,000011,8.62,8.9,10.35,7.27,962779,1055813123.0,35.61,2.89,0.25,54.75
2018-08-31,000011,8.59,9.14,10.09,7.68,1511862,1721605241.0,27.08,2.7,0.24,85.97
2018-09-28,000011,9.11,9.2,10.26,8.53,1028659,1201883691.0,18.93,0.66,0.06,58.49
2018-10-31,000011,8.85,6.48,9.04,5.63,957531,877799927.0,37.07,-29.57,-2.72,54.45
2018-11-30,000011,6.48,7.34,8.61,6.4,1720322,1707340577.0,34.1,13.27,0.86,97.82
2018-12-28,000011,7.64,6.76,8.89,6.7,1681891,1759209649.0,29.84,-7.9,-0.58,95.64
2019-01-31,000011,6.78,6.63,7.55,6.51,677851,649577284.0,15.38,-1.92,-0.13,38.54
2019-02-28,000011,6.83,8.42,8.71,6.65,1199580,1234439223.0,31.07,27.0,1.79,68.21
2019-03-29,000011,8.34,9.25,10.22,7.74,2864828,3208430045.0,29.45,9.86,0.83,162.9
2019-04-30,000011,9.38,8.38,10.07,8.08,1523483,1808274224.0,21.51,-9.41,-0.87,86.63
2019-05-31,000011,8.08,7.44,8.55,7.16,580820,582725148.0,16.59,-11.22,-0.94,33.03
2019-06-28,000011,7.43,7.43,7.62,7.15,334688,318577353.0,6.32,-0.13,-0.01,19.03
2019-07-31,000011,7.53,7.67,9.01,7.44,1382065,1422220620.0,21.13,3.23,0.24,26.25
2019-08-30,000011,7.68,7.95,9.01,6.34,1381459,1404138257.0,34.81,3.65,0.28,26.24
2019-09-30,000011,7.89,7.47,9.1,7.47,1048158,1105330859.0,20.5,-6.04,-0.48,19.91
2019-10-31,000011,7.56,6.94,8.22,6.94,318127,309295299.0,17.14,-7.1,-0.53,6.04
2019-11-29,000011,6.98,6.89,7.22,6.76,282895,257135252.0,6.63,-0.72,-0.05,5.37
2019-12-31,000011,6.89,7.29,7.52,6.84,497814,462633013.0,9.87,5.81,0.4,9.46
2020-01-23,000011,7.37,6.7,7.48,6.58,406039,378947498.0,12.35,-8.09,-0.59,7.71
2020-02-28,000011,5.82,5.51,6.18,5.03,685821,546756804.0,17.16,-17.76,-1.19,13.03
2020-03-31,000011,5.49,6.19,6.61,5.38,1051935,861741191.0,22.32,12.34,0.68,19.98
2020-04-30,000011,6.21,6.95,7.33,5.96,1318092,1174721400.0,22.13,12.28,0.76,25.04
2020-05-29,000011,6.91,7.73,8.09,6.47,961417,867951028.0,23.31,11.22,0.78,18.26
2020-06-30,000011,7.93,14.24,16.58,7.7,5553274,7673478977.0,114.88,84.22,6.51,105.48
2020-07-31,000011,14.07,24.29,26.61,13.54,7948101,17690199837.0,91.78,70.58,10.05,150.97
2020-08-31,000011,24.84,18.41,30.11,18.32,5723188,15624824512.0,48.54,-24.21,-5.88,108.71
2020-09-30,000011,18.51,16.1,18.58,14.21,3715514,6572802401.0,23.74,-12.55,-2.31,70.57
2020-10-30,000011,16.34,12.23,18.2,12.09,1985858,3442297535.0,37.95,-24.04,-3.87,37.72
2020-11-30,000011,12.32,12.06,13.61,11.49,1634004,2318079985.0,17.33,-1.39,-0.17,31.04
2020-12-31,000011,12.0,10.41,12.28,9.67,1564180,1975291410.0,21.64,-13.68,-1.65,29.71
2021-01-29,000011,10.44,8.46,10.65,8.35,1744917,1979523468.0,22.09,-18.73,-1.95,33.14
2021-02-26,000011,8.39,9.37,10.62,7.86,1194983,1318495836.0,32.62,10.76,0.91,22.7
2021-03-31,000011,9.26,11.71,15.24,9.1,4539294,6285735196.0,65.53,24.97,2.34,86.22
2021-04-30,000011,11.62,10.35,12.52,10.33,2309160,3038774330.0,18.7,-11.61,-1.36,43.86
2021-05-31,000011,10.47,11.5,11.95,10.17,1637769,2035925200.0,17.2,11.11,1.15,31.11
2021-06-30,000011,11.56,10.81,12.41,10.7,1678283,2153212437.0,14.87,-6.0,-0.69,31.88
2021-07-30,000011,10.73,10.23,11.86,10.01,1260658,1520663898.0,17.11,-5.37,-0.58,23.95
2021-08-31,000011,10.2,10.84,11.19,9.89,1244769,1465564274.0,12.71,5.96,0.61,23.64
2021-09-30,000011,10.83,10.76,12.05,10.55,1576287,1988871990.0,13.84,-0.74,-0.08,29.94
2021-10-29,000011,10.89,9.68,11.39,9.5,903481,1064501243.0,17.57,-10.04,-1.08,17.16
2021-11-30,000011,9.53,9.18,9.98,8.95,871505,934097369.0,10.64,-5.17,-0.5,16.55
2021-12-31,000011,9.18,10.31,10.92,9.14,1522172,1740679194.0,19.39,12.31,1.13,28.91
2022-01-28,000011,10.29,9.58,10.82,9.4,1155033,1347450334.0,13.77,-7.08,-0.73,21.94
2022-02-28,000011,9.6,9.47,10.17,9.37,570839,636852682.0,8.35,-1.15,-0.11,10.84
2022-03-31,000011,9.47,11.61,12.2,8.02,1761204,2027986708.0,44.14,22.6,2.14,33.45
2022-04-29,000011,11.35,10.62,14.34,8.68,5193291,6658871563.0,48.75,-8.53,-0.99,98.64
2022-05-31,000011,10.6,11.55,12.03,9.47,3755843,4603277705.0,24.11,8.76,0.93,71.34
2022-06-30,000011,11.3,12.16,12.54,10.16,3638276,4636022038.0,20.61,5.28,0.61,69.11
2022-07-29,000011,12.03,10.01,12.41,9.65,1868063,2201855992.98,22.7,-17.68,-2.15,35.48
2022-08-31,000011,9.91,9.36,9.93,9.23,938228,960519919.91,6.99,-6.49,-0.65,17.82
2022-09-30,000011,9.36,8.52,10.23,8.41,1359688,1395946227.14,19.44,-8.97,-0.84,25.83
2022-10-31,000011,8.55,8.53,8.73,8.13,404821,370000046.46,7.04,0.12,0.01,7.69
2022-11-30,000011,8.93,10.61,11.59,8.7,2085619,2254253079.17,33.88,24.38,2.08,39.61
2022-12-30,000011,10.79,10.92,12.88,10.41,5462539,6596237966.48,23.28,2.92,0.31,103.76
2023-01-31,000011,10.83,10.71,11.24,9.92,1196857,1342481980.0,12.09,-1.92,-0.21,22.73
2023-02-28,000011,10.68,10.81,11.15,10.28,1327160,1516235634.77,8.12,0.93,0.1,25.21
2023-03-31,000011,10.8,9.44,11.06,9.35,1127979,1227510426.72,15.82,-12.67,-1.37,21.43
2023-04-28,000011,9.37,9.0,9.72,8.84,743146,747091011.83,9.32,-4.66,-0.44,14.12
2023-05-31,000011,8.93,8.76,9.8,8.62,654808,641830709.36,13.11,-2.67,-0.24,12.44
2023-06-30,000011,8.76,8.62,9.43,8.45,628179,601874957.11,11.19,-1.6,-0.14,11.93
2023-07-31,000011,8.67,10.12,10.35,8.61,1092367,1075449295.88,20.19,17.4,1.5,20.75
2023-08-31,000011,10.06,10.57,11.7,9.39,3346638,3591998094.48,22.83,4.45,0.45,63.57
2023-09-28,000011,10.76,9.46,10.88,9.37,1680354,1710592468.64,14.29,-10.5,-1.11,31.92
2023-10-31,000011,9.43,8.66,9.52,8.52,697480,646935492.59,10.57,-8.46,-0.8,13.25
2023-11-30,000011,8.67,9.06,10.3,8.53,1380248,1336510124.28,20.44,4.62,0.4,26.22
2023-12-29,000011,9.07,8.55,9.24,8.22,799846,734205377.98,11.26,-5.63,-0.51,15.19
2024-01-31,000011,8.56,8.29,10.27,7.99,2449569,2272910446.46,26.67,-3.04,-0.26,46.53
2024-02-29,000011,8.19,8.04,8.4,6.99,996505,818098658.4,17.01,-3.02,-0.25,18.93
2024-03-29,000011,8.02,7.93,8.54,7.74,919097,764917720.78,9.95,-1.37,-0.11,17.46
2024-04-30,000011,7.94,8.1,8.39,7.47,869879,720556849.45,11.6,2.14,0.17,16.52
2024-05-31,000011,8.29,7.87,9.27,7.81,1981018,1740832999.3,18.02,-2.84,-0.23,37.63
2024-06-28,000011,7.86,7.74,8.13,7.52,621179,492963702.62,7.75,-1.65,-0.13,11.8
2024-07-31,000011,7.83,7.47,8.02,7.18,466669,351972198.85,10.85,-3.49,-0.27,8.86
2024-08-30,000011,7.46,7.61,9.39,7.25,3477981,2822675484.98,28.65,1.87,0.14,66.06
2024-09-30,000011,7.5,9.82,9.88,7.36,2207151,1824972094.0,33.11,29.04,2.21,41.92
2024-10-31,000011,10.69,10.31,10.78,8.37,3563378,3396293880.02,24.54,4.99,0.49,67.68
2024-11-29,000011,10.2,9.66,10.97,9.01,3129296,3101337078.98,19.01,-6.3,-0.65,59.44
2024-12-31,000011,9.65,8.74,10.26,8.68,1891003,1820201283.66,16.36,-9.52,-0.92,35.92
2025-01-27,000011,8.7,8.1,8.86,7.95,723162,605217790.98,10.41,-7.32,-0.64,13.74
2025-02-28,000011,8.16,8.31,8.68,7.97,816304,684265179.48,8.77,2.59,0.21,15.51
2025-03-31,000011,8.3,8.32,8.8,8.1,1090265,915837447.31,8.42,0.12,0.01,20.71
2025-04-30,000011,8.32,8.28,8.55,7.16,943859,763540750.15,16.71,-0.48,-0.04,17.93
2025-05-30,000011,8.45,8.61,8.88,8.26,786171,669006536.29,7.49,3.99,0.33,14.93
2025-06-30,000011,8.52,8.45,8.86,8.07,716391,609421956.12,9.18,-1.86,-0.16,13.61
2025-07-31,000011,8.47,8.47,9.1,8.33,1307640,1140741181.76,9.11,0.24,0.02,24.84
2025-08-29,000011,8.45,9.04,11.18,8.37,5211120,5152848729.94,33.18,6.73,0.57,98.98
